Store Name, Address
        Fellsmere   ,       6 S Oak St  Fellsmere  FL 32948   
        Lake Terrace Orlando   ,       3096 Curry Ford Rd  Orlando  FL 32806   
        Royal Palm Beach   ,       1201 Royal Palm Beach Blvd  Royal Palm Beach  FL 33411   
        Leesburg West   ,       2340 W Main St  Leesburg  FL 34748   
        Winter Haven South   ,       1660 Lake Shipp Dr  Winter Haven  FL 33880   
        North Fresno   ,       5783 N Palm Ave  Fresno  CA 93704   
        Nuevo   ,       19560 Lakeview Ave E  Nuevo  CA 92567   
        West Glendale   ,       5300 San Fernando Rd # A  Glendale  CA 91203   
        Northeast Los Angeles   ,       4005 N Eagle Rock Blvd Los Angeles CA 90065   
        North Hollywood   ,       7214 Whitsett Ave  North Hollywood  CA 91605   
        Fox Hills Los Angeles   ,       5975 W Centinela Ave  Los Angeles  CA 90045   
        Thousand Oaks   ,       225 Hampshire Rd  Thousand Oaks  CA 91361   
        Greenbrier   ,       641 US-65  Greenbrier  AR 72058   
        Mulberry   ,       1285 Highway 37 North  Mulberry  FL 33860   
        Fort Lauderdale East   ,       3311 W Broward Blvd  Fort Lauderdale  FL 33312   
        Humble   ,       4028 FM 1960  Humble  TX 77346   
        Conway   ,       1640 E Oak St Conway  AR 72032   
        Athens   ,       2609 Decatur Pike at I-75 Athens  TN 37303   
        Saint Joseph   ,       3215 s 22nd st Saint Joseph  MO 64503   
        St Cloud   ,       1425 S Narcoossee Rd  St Cloud  FL 34771   
        North Daytona Beach Shores   ,       1200 S Atlantic Ave  Daytona Beach  FL 32118   
        Dundee   ,       201 Dundee Rd  Dundee  FL 33838   
        Winter Park East   ,       3011 N Goldenrod Rd  Winter Park  FL 32792   
        Greater Carrollwood   ,       6017 W Linebaugh Ave  Tampa  FL 33625   
        Ybor Heights Tampa   ,       3930 N Nebraska Ave Tampa  FL 33603   
        Oldsmar   ,       300 St Petersburg Dr W Oldsmar  FL 34677   
        Fort Myers Northeast   ,       5179 Palm Beach Blvd Fort Myers  FL 33905   
        Monticello   ,       274 US-425  Monticello  AR 71655   
        Edgewood Orlando   ,       4096 S Orange Ave Orlando  FL	32806   
        Carollton   ,       1900 S Josey Ln Carrollton  TX 75006   
        Fort Pierce West   ,       2501 Orange Ave Fort Pierce  FL 34947   
        Wellington   ,       13870 Wellington Trace Wellington  FL 33414   
        Southeast Wellington   ,       2741 S State Road Wellington  FL 33414   
        Old Town Topeka   ,       1107 SW 6th Ave  Topeka  KS 66606   
        Crystal Lake   ,       1101 S Combee RD Lakeland  FL 33801   
        Lake Wales   ,       800 N Scenic Hwy Lake Wales 	FL 33853   
        Boggy Creek Orlando   ,       8800 s orange ave orlando  fl 32824   
        Davenport   ,       304 Hwy 17/92	Davenport  FL	33837   
        Punta Gorda   ,       3949 Tamiami Trl	Punta Gorda  FL	33950   
        Lakewood Jacksonville   ,       4586 San Juan Ave Jacksonville  FL 32210   
        Northwest Ocala   ,       4410 W Highway 326 Ocala  FL 33482   
        Auburndale East   ,       549 E Bridgers Ave Auburndale  FL	33812   
        Northwest Boca Raton   ,       19345 S SR 7 Boca Raton  FL	33498   
        Avon Park   ,       998 US Hwy 27 N Avon Park  FL 33825   
        East Apopka   ,       3498 Semoran Blvd	Apopka  FL	32703   
        Auburndale   ,       2101 K Ville Ave Auburndale  FL 33823   
        North Davenport   ,       5945 US Hwy 17 92 N Davenport  FL 33837   
        West Jupiter   ,       10050 W Indiantown Rd Jupiter  FL 33478   
        New Port Richey   ,       5736 US-19 New Port Richey  FL 34652   
        Sheridan   ,       307 Rock St	Sheridan  AR	72150   
        Winter Haven East   ,       1549 Dundee Rd Winter Haven  FL 33884   
        Southeast St Cloud   ,       8900 e irlo Bronson Memorial HWY St Cloud  fl 34773   
        Harvey   ,       384 E 159th St Harvey  IL 60426   
        De Leon Springs   ,       4796 US-17 De Leon Springs FL 32130   
        Pine Castle Orlando   ,       455 w oak ridge rd Orlando  fl 32809   
        Lakeland West   ,       2085 W Highland St Lakeland FL 33815   
        New Braunfels   ,       957 TX-337 Loop	New Braunfels  TX	78130   
        West Indianapolis   ,       5251 W Bradbury Ave Suite B 	Indianapolis 	IN	46241   
        East Hillsboro   ,       300 W Elm St Hillsboro  TX	76645   
        East Riverside   ,       1147 University Ave	Riverside  CA	92507   
        North Merritt Island   ,       3120 N Courtenay Pkwy	Merritt Island  FL	32953   
        Walnut Hill   ,       1357 NW Radial Hwy Omaha  NE	68131   
        Keystone   ,       8928 Maple Street Omaha  NE	68134   
        Glen Iris   ,       429 Valley Ave Birmingham  AL	35209   
        North Phoenix   ,       1616 E Bethany Home Rd	Phoenix 	AZ	85016   
        Century Plaza   ,       20302 Imperial Valley Dr Houston  TX	77073   
        Hancock North Fort Myers   ,       4101 Hancock Bridge PKWY North Fort Meyers 	FL	33903   
        Eastex Houston   ,       6005 Jensen Dr	Houston	  TX	77026   
        Garden Grove   ,       11962 Brookhurst St Garden Grove  CA	92840   
        Central Upland   ,       61 E Arrow Hwy	Upland  CA	91786   
        Merritt Island   ,       290 N Courtenay Pkwy Merritt Island  FL	32953   
        Mabelvale   ,       10402 Mabelvale West Rd	Little Rock  AR	72103   
        Dodge Street Corridor   ,       4429 California Street	Omaha  NE	68131   
        OPPD Arboretum   ,       10707 Blondo Street	Omaha  NE	68134   
        Clarkson Park   ,       4108 Dodge Street Omaha  NE	68131   
        West Los Angeles   ,       1660 S Sepulveda Blvd Los Angeles  CA	90025   
        Montgomery   ,       4100 Atlanta Hwy Montgomery  AL	36109   
        Benson Park   ,       7205 Lawndale Dr  Omaha  NE	68134   
        Hefflinger Park   ,       3223 N 108th Street 	Omaha  NE	68134   
        Morningside Fort Myers   ,       4087 Palm Beach Blvd Fort Myers  FL	33916   
        Council Bluffs   ,       3540 W Broadway Council Bluffs  IA	51501   
        Fort Lauderdale North   ,       1301 NE 4th Ave Fort Lauderdale  FL	33304   
        Santa Ana   ,       3041 S Bristol St	Santa Ana  CA	92704   
        Capitol Park   ,       1372 E 14th St Des Moines  IA	50316   
        Stanton   ,       12493 Beach Blvd Stanton	  CA	90680   
        Orchard Park   ,       4800 W Central Ave	Wichita  KS	67212   
        West Greenville   ,       6400 White Horse Rd	Greenville  SC 29611   
        Hillsboro   ,       214 W Elm St Hillsboro  TX	76645   
        South Birmingham   ,       2544 Rocky Ridge Rd	Birmingham  AL	35243   
        Richburg   ,       3104 Commerce Dr. Richburg  SC	29729   
        Georgetown   ,       3508 South Fraser St	Georgetown 	SC	29440   
        West Wichita   ,       10723 W Kellogg Ave	Wichita  KS	67209   
        Central Springfield   ,       408 Memorial Blvd Springfield  TN	37172   
        New Tazewell   ,       1109 HWY 33 S 	New Tazewell  TN  37825   
        West Holland   ,       9140 Angola Rd Holland  OH	43528   
        Whitehouse   ,       6825 Finzel Rd Whitehouse  OH 43571   
        Southwest Mesa   ,       7602 S McClintock Dr	Mesa  AZ 85204   
        East Mesa   ,       1650 E Broadway Rd	Mesa  AZ	85204   
        Midtown Houston   ,       2220 Main St Houston  TX	77002   
        Oklahoma City West   ,       1601 S Morgan Rd Oklahoma City  OK	73128   
        Chino Hills Southwest   ,       1400 Carbon Canyon Rd	Chino Hills  CA	91709   
        Houston Gardens West   ,       7702 Eastex Fwy	Houston  TX	77093   
        Topeka South   ,       3101 SW 29th St	Topeka  KS 66614   
        Payson   ,       706 E  AZ-260 Payson  AZ	85541   
        Santa Fe Kansas City   ,       914 S 55 st Kansas City  KS	66106   
        Northeast Fairfax   ,       8413 Lee Hwy Fairfax  VA	22031   
        South Apopka   ,       454 W Main St Apopka  FL	32712   
        Cross Gates   ,       7007 Longview Rd Kansas City  MO	64134   
        Valrico   ,       2104 E Brandon Blvd	Valrico  FL	33594   
        Olathe   ,       8535 State Ave Kansas City  KS 66112   
        Parkville Bend   ,       7500 NW River Park Dr Parkville  MO	64152   
        Omaha West   ,       2219 N 90th St Omaha  NE 	68134   
        Arlington North   ,       5601 Lee Hwy Arlington  VA	22207   
        Hoboken   ,       240 Garden St Hoboken  NJ	07030   
        Downtown Cedar Rapids   ,       200 1st Ave NE Suite 124	Cedar Rapids   IA	52401   
        East Side   ,       913 N Mittman St San Antonio 	TX	78202   
        Crown Meadows   ,       8802 Potranco Rd #10 San Antonio  TX	78251   
        Decatur South   ,       1024 Somerville road SE Decatur  AL	35601   
        Bean Station   ,       682 US 25E Bean Station  TN 	37708   
        White Pine   ,       280 HWY 113 White Pine  TN 	37890   
        Bon Air   ,       8806 Forest Hill Ave Richmond  VA	23235   
        Little River   ,       11076 SC-90	Little River  SC 29566   
        Rock Hill   ,       3900 Mount Gallant Rd Rock Hill  SC	29732   
        Houston Business District   ,       2222 Louisiana St Houston TX	77002   
        Montrose   ,       3301 Williamsburg Rd	Richmond  VA 23231   
        Meadowridge   ,       700 Columbia Blvd Titusville  FL 32870   
        Daytona Beach Shores   ,       2530 S Atlantic Ave Daytona Beach  FL	32118   
        West Bithlo   ,       13100 E Colonial Dr Orlando  FL	32826   
        Cumberland   ,       2145 Powers Ferry Rd	Atlanta  GA 30067   
        Vermont Vista   ,       11025 S Figueroa St Los Angeles  CA 90061   
        Ramona   ,       802 Main St Ramona  CA	92065   
        Redlands   ,       1125 Orange St Redlands  CA 92374   
        Southeast Phoenix   ,       4737 E Broadway Rd Phoenix  AZ	85040   
        Pine Hills North   ,       2800 N Pine Hills Rd Orlando  FL 32805   
        Canton   ,       11429 Bells Ferry Rd Canton  GA	30114   
        Dunedin   ,       840 Broadway Dunedin  FL	34698   
        High Springs   ,       24390 W US Hwy 27 High Springs  FL 32643   
        Rock Lake   ,       601 N John Young Pkwy. Orlando  FL 32805   
        Sioux Falls East   ,       4700 W 12th Street Sioux Falls  SD	57107   
        Texas Medical Center   ,       2424 Old Spanish Trail  Houston TX	77054   
        Walnut   ,       1024 S Brea Canyon Rd Walnut  CA 91789   
        Norfolk   ,       1303 Ta Ha Zouka Dr Norfolk  NE 68701   
        Spring Branch East   ,       7901 Long Point Rd Houston  TX 77055   
        Monmouth Park   ,       3030 Ames Omaha  NE 68111   
        Freemont   ,       209 W 23rd Street Fremont  NE	68025   
        Lansing   ,       1000 E Mt Hope Ave Lansing  MI 48910   
        Sioux Falls   ,       1900 West 12th Street Sioux Falls  SD 57104   
        Kamala Park   ,       1309 Saviers Rd	Oxnard  CA	93033   
        River Bend   ,       1443 2nd Ave Des Moines  IA 50314   
        Camarillo   ,       3661 Las Posas Rd STE 169 Camarillo  CA	93010   
        Apache Junction   ,       2925 W Superstition Blvd Apache Junction  AZ	85120   
        Northeast Des Moines   ,       3804 Hubbell Ave	Des Moines  IA 50317   
        Omaha North   ,       9220 Mormon Bridge Rd Omaha  NE 68152   
        East Cedar Hills   ,       2601 Williams Blvd SW Cedar Rapids   IA 52404   
        Indianola   ,       403 W 2nd Ave Indianola  IA	50125   
        Columbus   ,       4812 Howard Blvd Columbus  NE 68601   
        McKee City   ,       6027 E Black Horse Pike  McKee City NJ 08232   
        Tazewell   ,       1446 North Broadstreet Tazewell  TN 37879   
        Hoover   ,       1976 Patton Chapel Rd Birmingham  AL	35226   
        Edgewater   ,       1184 Central Ave	Edgewater  MD 21037   
        Toledo South   ,       1806 Arlington Ave Toledo  OH	43609   
        Springfield   ,       2018 S Main St Springfield  TN	37172   
        Des Moines   ,       2701 Ingersoll Ave Des Moines  IA 50312   
        Uptown San Antonio   ,       15139 Bulverde Rd San Antonio  TX	78247   
        Arlington   ,       6808 Bowman Springs Rd	Arlington  TX	76016   
        Escondido South   ,       2306 S Escondido Blvd Escondido 	CA	92025   
        Northshore Houston   ,       11103 East Fwy Houston  TX 77029   
        Northwest San Antonio   ,       8923 Culebra Rd San Antonio  TX 78251   
        Chino Hills   ,       5022 Los Serranos Rd	Chino Hills  CA	91709   
        Lakeland South   ,       2908 S Florida ave Lakeland  FL 33803   
        Winter Haven   ,       1200 3rd St SW Winter Haven  FL	33880   
        Sherwood   ,       9250 Brockington RD	Sherwood  AR 72120   
        Little Rock   ,       8822 Stagecoach Rd	Little Rock  AR 72210   
        Perris   ,       360 E 4th St  Perris  CA 92570   
        Pleasantville   ,       220 N Main St Pleasantville  NJ 08232   
        Atlantic City North   ,       405 N Pennsylvania Ave Atlantic City  NJ	8401   
        Atlantic City   ,       1125 Arctic Ave Atlantic City  NJ 08401   
        Torrance   ,       1800 Artesia Blvd Torrance  CA	90504   
        West Athens   ,       1026 W. Imperial Highway	Los Angeles 	CA	90044   
        Hyde Park   ,       3411 W Florence Ave Los Angeles  CA 90043   
        Dade City   ,       13851 7th St	Dade City  FL	33525   
        Park Ridge   ,       1200 West Touhy Avenue Park Ridge  IL	60068   
        Palatine   ,       802 West Palatine Rd	Palatine	IL 60067   
        Elgin West   ,       1032 Larkin Avenue Elgin  IL 60123   
        Elgin   ,       300 South State Street Elgin  IL 60123   
        Woodstock   ,       2025 S Eastwood Dr Woodstock  IL 60098   
        Spartanburg West   ,       127 South Blackstock Road Spartanburg  SC	29301   
        Winston-Salem   ,       4116 Indiana Avenue	Winston-Salem  NC 27105   
        Huntsville North   ,       3310 Meridian Street North Huntsville  AL	35811   
        Decatur   ,       17 14th Street Southeast Decatur  AL 35601   
        Fairburn   ,       5270 Campbellton Fairburn Rd	Fairburn  GA	30213   
        East Atlanta   ,       29 Moreland Avenue Southeast Atlanta 	GA	30316   
        Lawrenceville   ,       452 Winder Highway	Lawrenceville  GA 30045   
        Conyers   ,       2300 Sigman Road Southwest	Conyers 	GA	30012   
        Union City   ,       5022 Roosevelt Highway Union City  GA	30291   
        South Atlanta   ,       180 University Avenue Southwest Atlanta  GA 30315   
        Grant Park   ,       387 Hill St SE Atlanta  GA 30312   
        Peachtree Corners   ,       6405 Peachtree Industrial Blvd	Norcross  GA 30092   
        Norcross South   ,       5615 Singleton Road	Norcross  GA 30093   
        Challenger Park   ,       4070 N Clark St. Chicago  IL 60613   
        Logan Square   ,       3959 W Fullerton	Chicago  IL 60647   
        North Mayfair   ,       5066 N Elston Ave. Chicago  IL	60630   
        Mt. Dora North   ,       1343 N Grandview St	Mount Dora  FL 32757   
        Kissimmee West   ,       4554 W Irlo Bronson Memorial Hwy	Kissimmee  FL	34746   
        Zephyrhills   ,       3944 Gall Blvd Zephyrhills  FL 33541   
        Lake Jovita   ,       32720 State Rd 52 San Antonio  FL	33576   
        Lake Forest   ,       14901 Bruce B Downs Blvd Tampa  FL 33613   
        Rockwell   ,       8770 HWY 52 Rockwell  NC	23138   
        Charlotte   ,       3040 South Blvd Charlotte  NC 28209   
        Huntsville South   ,       10000 Bailey Cove Rd SE Huntsville  AL	35803   
        Titusville South   ,       305 Country Club Dr  Titusville  FL	32780   
        Sebastian   ,       10950 County Road 512 Sebastian  FL	32958   
        Melbourne Beach   ,       3860 S Hwy A1A	Melbourne Beach  FL	32951   
        North Melbourne   ,       1165 Sarno Road	Melbourne  FL 32935   
        Port St John   ,       7490 Grissom Pkwy Cocoa  FL	32927   
        Sharpes   ,       4580 Grissom Pkwy Cocoa  FL	32926   
        Northeast Tampa   ,       8620 Temple Terrance HWY  Tampa FL	33637   
        Moseley   ,       16717 Hull Street Road Moseley   VA 23120   
        Birmingham   ,       11560 Memorial Pkwy SW	Huntsville  AL 35803   
        Huntsville   ,       11560 Memorial Pkwy SW	Huntsville  AL 35803   
        Northeast Columbia   ,       10018 Two Notch Rd	Columbia  SC 29223   
        Southwest Austin   ,       6511 Brush Country Rd Austin 	TX	78749   
        Northwest Riverside   ,       6290 Mission Boulevard Riverside  CA 92509   
        Oxnard   ,       1132 S Oxnard Blvd Oxnard  CA 93030   
        Omaha   ,       3435 Oak View Dr Omaha 	NE	68144   
        Southeast Indianapolis   ,       5034 E Raymond St Indianapolis  IN 46203   
        Lady Lake   ,       841 S Hwy 441/27 Lady Lake 	FL	32157   
        Central Columbia   ,       1421 Gervais St Columbia  SC	29201   
        Hampton   ,       11205 Tara Blvd Hampton  GA	30250   
        Northeast Atlanta   ,       4968 Roswell Road Atlanta  GA	30342   
        Manassas   ,       7420 Sudley Rd Manassas   VA	20109   
        San Tan Valley   ,       2528 E Copper Mine Rd  San Tan Valley  AZ 85143   
        Norcross   ,       6083 S. Norcross-Tucker Road	Norcross  GA 30092   
        Stafford   ,       1075 Garrisonville Rd Stafford  VA 22556   
        Southeast San Antonio   ,       4003 E Southcross San Antonio  TX	78222   
        Hapeville   ,       501 N Central Ave Hapeville  GA 30354   
        North Marietta   ,       4796 Canton Rd Marietta  GA 30066   
        West San Antonio   ,       7737 W Military Dr San Antonio  TX	78227   
        Southeast Atlanta   ,       1683 Lakewood Ave. Atlanta  GA 30315   
        Fallston   ,       2401 Belair Rd Fallston  MD 21047   
        Alpharetta   ,       174 N Main St Alpharetta  GA 30009   
        Northeast San Antonio   ,       110 Nassau Dr San Antonio  TX 78213   
        Altamonte Springs   ,       250 Wymore Rd. Altamonte Springs  FL 32714   
        North Chicago   ,       4359 n Pulaski Rd. Chicago  IL 60641   
        Anderson   ,       4536 Liberty Hwy  Anderson SC 29621   
        Lake Panasoffkee   ,       43 County Road 470 Lake Panasoffkee 	FL	33538   
        Greenville   ,       2900 Laurens Rd	Greenville  SC 29607   
        Eatonton   ,       271 Scuffleboro Rd Eatonton  GA 31024   
        Sanford   ,       360 W lake mary Blvd	Sanford 	FL	32773   
        Del Ray   ,       1001 S Congress Ave	Del Ray 	FL	33445   
        North Columbia   ,       6202 Shakespeare Rd	Columbia  SC 29233   
        Winter Garden   ,       12890 W Colonial Dr Winter Garden  FL 34787   
        Latana   ,       874 n Dixie hwy Latana  FL 33462   
        Clermont   ,       20250 Hwy 27 Clermont  FL 34715   
        Lockhart   ,       6854 N OBT Lockhart  FL	32810		   
        Northeast Ocala   ,       3511 NE 36 ave Ocala  FL	34479   
        Boynton Beach   ,       10041 Enterprise Center Blvd Boynton Beach  FL	33437   
        North Titusville   ,       1390 Garden St Titusville  FL	32796   
        Mt. Dora   ,       3865 Hwy 19A Mt. Dora  FL 32757   
        Pahokee   ,       251 E Main Street Pahokee  FL 33476   
        Southwest Cedar Rapids   ,       2330 Wiley Blvd Cedar Rapids  IA 52404   
        Satellite Beach   ,       1107 S Patrick Dr	Satellite Beach  FL 32937   
        Calico Farms   ,       3401 E Red Bridge Rd	Kansas City  MO 64137   
        Central Davie   ,       3690 Davie Rd Davie  FL 33314   
        South Kansas City   ,       1015 Westport Rd Kansas City  MO	64111   
        West Cedar Rapids   ,       250 16th Avenue	Cedar Rapids  IA 52404   
        Mims   ,       4109 W Main St Mims  FL 32754   
        North Lakeland   ,       4410 Kathleen Rd Lakeland  FL 33810   
        Lakewood Ranch   ,       14315 East State Road 70	Lakewood Ranch  FL 34202   
        Lake Parker   ,       2750 US Highway 98 N Lakeland  FL 33805   
        South Bradenton   ,       5410 14th Street W Bradenton  FL 34207   
        Catonsville   ,       620 Edmondson Ave Catonsville  MD 21228   
        Lincoln   ,       151 SW 48th St Lincoln  NE 68522   
        North Cedar Rapids   ,       1120 Old Marion Road Cedar Rapids  IA	52402   
        Cedar Rapids   ,       1581 1st Avenue Cedar Rapids  IA 52404   
        Chicago   ,       7201 N Clark St Chicago  IL 60626   
        West Alexandria   ,       6261 Little River Turnpike Alexandria  VA 22312   
        Fontana   ,       16119 Foothill Blvd Ste A Fontana CA 92335   
        Covina   ,       1680 W San Bernardino Rd Covina  CA 91722   
        Upland   ,       681 E Foothill Blvd Upland  CA 91786   
        Leesburg   ,       32641 Radio Rd Leesburg  FL 34468   
        Littleton   ,       599 W Littleton Blvd Littleton  CO 80120   
        Culver City   ,       11197 Washington Pl	Culver City  CA 90232   
        Northwest Jersey City   ,       555 Tonnelle Ave.	Jersey City  NJ 07307   
        West Moreno Valley   ,       12220 Pigeon Pass Rd Moreno Valley  CA 92557   
        Hibbing   ,       1135 East 37th Street	Hibbing  MN	55745   
        Elizabeth   ,       34013 Co Rd 13 Elizabeth  CO 80107   
        Richmond   ,       11310 Patterson Ave Richmond  VA 23238   
        Goldenrod Orlando   ,       4980 Hall Rd	Orlando  FL 32817   
        Royal Oaks Kansas City   ,       5151 East Red Bridge Road Kansas City  MO 64137   
        Stratford Estates Kansas City   ,       10921 Hickman Mills Dr Kansas City  MO 64137   
        Pine Hills Orlando   ,       719 N Powers Dr. Orlando  FL 32818   
        South Gate   ,       13307 Paramount Blvd South Gate  CA 90280   
        Lake Elsinore   ,       29280 Central Ave # A Lake Elsinore  CA 92532   
        Valley College San Bernardino   ,       907 W Mill St San Bernardino CA 92410   
        Rockledge   ,       2000 south US-1 Rockledge  FL 32955   
        North Cocoa   ,       4000 North US-1 Cocoa  FL 32927   
        Flagler Beach   ,       6020 hwy 100 Flagler Beach  FL 32136   
        Wedgefield Orlando   ,       20733 Macon parkway Orlando  FL 32833   
        South Crestville   ,       3802 south Ferdon Blvd Crestview  FL 32536   
        Southwest Titusville   ,       3590 Cheney hwy	Titusville FL 32780   
        Southwest Palm Bay   ,       3490 Bayside Lakes Blvd SE Palm Bay  FL 32909   
        Cocoa West   ,       4220 west king st Cocoa  FL 32926   
        Mille Lacs Lake Aitkin   ,       22856 US 169 Aitkin  MN 56431   
        Aitkin   ,       13 2nd St NW Aitkin  MN 56431   
        Mora   ,       900 MN 65 Mora  MN 55051   
        Hayward   ,       15771 US Hwy 63 Hayward  WI	54843   
        Spooner   ,       730 S River St. Spooner  WI 54801   
        Siren   ,       24184 WI-35 Siren  WI 54872   
        Bethany   ,       3800 Miller St. Bethany  MO 64424   
        Victory Hills Kansas City   ,       8535 State Ave Kansas City  KS 66112   
        Eustis   ,       16014 US-441 Eustis  FL 32726   
        Jupiter   ,       3 FL A1AAlt Jupiter  FL 33477   
        Palm Beach Gardens   ,       10800 N Military Trail. unit 120 West Palm Beach  FL 33410   
        Altoona   ,       42409 N Hwy 19 Altoona  FL 33702   
        Homeland   ,       31190 CA-74 Homeland  CA 92548   
        Huntington Ocala   ,       2965 SE 58 Ave. Ocala  FL 34480   
        Silver Springs   ,       5245 E Silver Springs Blvd Silver Springs  FL 34488   
        Southeast Cocoa   ,       4601 West King St. Cocoa  FL 32926   
        Durham   ,       2944 Holloway St. Durham  NC 27703   
        Columbia South Carolina   ,       7621 Garners Ferry Rd. Columbia  SC 29209   
        Spartanburg   ,       207 Cedar Springs Rd. Spartanburg  SC 29302   
        Northwest Phoenix   ,       7806 N 27th Ave Phoenix  AZ 85051   
        Egg Harbor Township   ,       6101 E Black Horse Pike Egg Harbor Township  NJ 08234   
        Manchester   ,       6735 Murfreesboro Hwy Manchester  TN 37355   
        Quinton   ,       2301 Pocahontas Trail Quinton  VA 23141   
        Arcadia   ,       419 S 1st Ave. Arcadia  CA 91006   
        Santa Anita Arcadia   ,       2 E Duarte Rd. Arcadia  CA 91006   
        Annapolis   ,       2056 West St. Annapolis  MD 21401   
        Virginia Beach   ,       5924 Indian River Rd. Virginia Beach  VA 23464   
        Boise   ,       1007 W Main St. Boise  ID 83702   
        South Area Wichita   ,       1651 E MacArthur Rd. Wichita  KS 67216   
        Planeview United Wichita   ,       3131 S Hillside St. Wichita  KS 67216   
        Palmer Park Colorado Springs   ,       4819 Barnes Rd. Colorado Springs  CO 80917   
        Southeast Colorado Springs   ,       2555 Delta Dr. Colorado Springs  CO 80910   
        Northeast Colorado Springs   ,       3630 Austin Bluffs Pkwy #170 Colorado Springs  CO 80918   
        Galloway   ,       68 W Jimmie Leeds Rd. Galloway  NJ 08205   
        Waldo   ,       15295 NE US 301 Waldo  FL 32694   
        Gainesville   ,       7401 W Newberry rd. Gainesville  FL 32605   
        College of Central Florida Ocala   ,       3401 SW College Rd. Ocala  FL 34474   
        Tulsa   ,       6110 S Peoria Ave Tulsa  OK 74136   
        Mission Bay   ,       2892 Mission Blvd San Diego  CA 92019   
        Buckner Dallas   ,       4625 S Buckner Blvd Dallas  TX 75227   
        Jefferson   ,       492 Athens St. Jefferson  GA 30549   
        Redwood City   ,       699 El Camino Real Redwood City  CA 94063   
        Normal Heights San Diego   ,       2740 Adams Ave San Diego  CA 92116   
        North Colorado Springs   ,       2871 Dublin Blvd Colorado Springs  CO 80918   
        Southeast Wichita   ,       5600 W MacArthur Rd. Wichita  KS 67215   
        El Dorado   ,       1631 W Central Ave El Dorado  KS 67042   
        East Wichita   ,       1622 S West St. Wichita  KS 67213   
        Sherrelwood Denver   ,       7310 Broadway Denver  CO 80221   
        Northeast Wichita   ,       6330 E 21st St N #1808 Wichita  KS 67208   
        Jersey City   ,       465 Grand St. Jersey City  NJ 07302   
        Park City   ,       6209 N Broadway Park City  KS 67219   
        Plant City   ,       4612 State Road 574 Plant City  FL 33563   
        Palm Bay   ,       3090 Jupiter Blvd SE Palm Bay  FL 32909   
        St. Augustine   ,       1710 State Rd 207 St. Augustine  FL 32086   
        Chapel Hill Village Indianapolis   ,       7440 Rockville Rd. Indianapolis  IN 46214   
        West Vista   ,       600 Hacienda Dr. Vista  CA 92081   
        La Placita Park Wichita   ,       802 N West St. Wichita  KS 67203   
        College View Estates Melbourne   ,       4001 N Wickham Road Melbourne  FL 32935   
        North Ocala   ,       3495 W Anthony Rd Ocala  FL 34475   
        Cocoa   ,       7175 US-1 S Cocoa  FL 32927   
        South Daytona   ,       601 Beville Road South Daytona  FL 32119   
        College Park Orlando   ,       3460 Edgewater Dr. Orlando  FL 32804   
        St. Petersburg   ,       5100 34th St S St. Petersburg  FL 33711   
        Port Orange   ,       1591 Dunlawton Ave Port Orange  FL 32127   
        Lakeland   ,       820 E Memorial Blvd Lakeland  FL 33801   
        Daytona Beach   ,       2625 Beville Road Daytona Beach  FL 32119   
        Maricamp Ocala   ,       3130 SE 36 Ave Ocala  FL 34471   
        Eustis   ,       1905 N hwy 19 Eustis  FL 32726   
        Northeast Ocala   ,       1402 NE 25 Ave Ocala  FL 34470   
        Central Escondido   ,       240 W Mission Ave suite d Escondido  CA 92025   
        Colorado Springs   ,       5607 Barnes Rd #110 Colorado Springs  CO 80917   
        Vista   ,       1526 S Santa Fe Ave Vista  CA 92084   
        San Marcos   ,       740 Nordahl Rd #112 San Marcos  CA 92069   
        Bay Ho San Diego   ,       4384 Moraga Ave San Diego  CA 92117   
        Sun Valley Denver   ,       900 Federal Blvd Denver  CO 80204   
        Titusville   ,       1829 Knox McRae Dr. Titusville  FL 32780   
        City Park West Denver   ,       1816 E Colfax Ave Denver  CO 80218   
        Dixon   ,       1405 Ary Lane Dixon  CA 95620   
        Wichita   ,       2849 W 13th St N #1820 Wichita  KS 67203   
        Brentwood Jacksonville   ,       1027 Golfair Blvd Jacksonville  FL 32209   
        Live Oak   ,       6886 Suwannee Plaza Lane Live Oak  FL 32060   
        Fort Myers Shores   ,       2311 Buckingham Rd. Fort Myers  FL 33905   
        Southeast Ocala   ,       8140 SE 58th Ave Ocala  FL 34480   
        Pebble Creek Tampa   ,       19090 Bruce B Downs Tampa  FL 33647   
        Temecula   ,       44564 Pechanga Pkwy Temecula  CA 92592   
        Anthony   ,       9520 NE Jacksonville Rd. Anthony  FL 32617   
        Essex   ,       724 Eastern Blvd Essex  MD 21221   
        Covington   ,       1058 GA-142 Covington  GA 30014   
        Gateway Denver   ,       4739 Yampa St. Denver  CO 80249   
        Chula Vista West   ,       720 H St. Chula Vista  CA 91910   
        Carlsbad Aviara   ,       1991 Palomar Airport Rd. Carlsbad  CA 92009   
        Mira Mesa San Diego   ,       9720 Carroll Centre Rd. San Diego  CA 92126   
        Ives Estates Miami   ,       1540 NE 205th Terrace Miami  FL 33179   
        North Escondido   ,       26915 Mesa Rock Rd. Escondido  CA 92026   
        Clovis   ,       814 Clovis Ave. Clovis  CA 93612   
        Madera   ,       16981 Rd 26 Madera  CA 93638   
        East Vallejo   ,       2278 Tennessee St. Vallejo  CA 94591   
        Windsor Denver   ,       9660 E Alameda Ave #103 Denver  CO 80247   
        San Pedro   ,       302 S Pacific Ave San Pedro  CA 90731   
        Whitmer-Trilby Toledo   ,       1646 W Alexis Rd. Toledo  OH 43612   
        South San Francisco   ,       35 S. Linden Ave S. San Francisco  CA 94080   
        Columbus   ,       1000 W Broad St. Columbus  OH 43222   
        Lake Eola Orlando   ,       61 E Pine Street Orlando  FL 32801   
        West Coral Springs   ,       11380 W Sample Rd. Coral Springs  FL 33065   
        Loudon   ,       1562 HIGHWAY 72N Loudon  TN 37774   
        Hopewell Cleveland   ,       5205 GEORGETOWN RD Cleveland  TN  37312   
        Maryville   ,       2003 E. Broadway Maryville  TN 37804   
        Knoxville   ,       10139 Kingston Pk Knoxville  TN 37922   
        Riviera Beach   ,       7228 N Military Trail Riviera Beach  FL 33410   
        Tuxedo Park Indianapolis   ,       448 N Sherman Dr. Indianapolis  IN 46201   
        Mango Tampa   ,       4227 Williams Rd. Tampa  FL 33610   
        South Dallas   ,       4702 E Grand Ave Dallas  TX 75223   
        Ennis   ,       4462 Spur 469 Ennis  TX 75119   
        Bethel Welborn Kansas City   ,       5531 Leavenworth Rd. Kansas City  KS 66104   
        Hollywood   ,       5551 Hallandale Beach Blvd Hollywood  FL 33023   
        Sulphur Springs Tampa   ,       9301 North Nebraska Ave Tampa  FL 33612   
        Argentine Kansas City   ,       4039 Metropolitan ave Kansas City  KS 66106   
        East Davie   ,       4801 SR 7 Davie  FL 33314   
        Riverview Kansas City   ,       1710 Minnesota Ave Kansas City  KS 66102   
        Bradenton   ,       5920 Lakewood Ranch Blvd. Bradenton  FL 34211   
        North Fort Myers   ,       916 Pondella Rd. North Ft Myers  FL 33903   
        Fort Pierce South   ,       3045 S US Hwy 1 Fort Pierce  FL 34982   
        Whiskey Creek Fort Myers   ,       11401 Mcgregor Blvd Fort Myers  FL 33919   
        Tice Fort Myers   ,       4843 Palm Beach Blvd. Fort Myers  FL 33905   
        Reynolds Corners Toledo   ,       3841 Airport Hwy Toledo  OH 43615   
        Maumee   ,       732 Conant St. Maumee  OH 43537   
        Bowling Green   ,       1240 W Wooster St. Bowling Green  OH 43402   
        Adrian   ,       2275 US-223 Adrian  MI 49221   
        Apopka   ,       2301 W Orange Blossom Trail Apopka  FL 32712   
        Boca Raton   ,       23223 FL-7 Boca Raton  FL 33428   
        Lake Park   ,       917 10th St. Lake Park  FL 33403   
        Bay City   ,       7925 SH 35 N Bay City  TX 77414   
        Lake Jackson   ,       220 Hwy 332 W Lake Jackson  TX 77566   
        Angleton   ,       2901 N Velasco St. Angleton  TX 77515   
        Linthicum Heights   ,       816 Nursery Rd. Linthicum Heights  MD 21090   
        Escondido   ,       1650 E Valley Pkwy Escondido  CA 92027   
        Speedway Indianapolis   ,       5208 W 10th St. Indianapolis  IN 46224   
        Decatur Indianapolis   ,       4887 Kentucky Ave. Indianapolis  IN 46221   
        Maywood Indianapolis   ,       3139 Kentucky Ave. Indianapolis  IN 46221   
        Ellicott City   ,       8300 Baltimore National Pike Ellicott City  MD 21043   
        Wallace Triangle Lafayette   ,       903 Kossuth St. Lafayette  IN 47905   
        Lafayette   ,       2700 OLD HWY 231 S Lafayette  IN 47909   
        Marco Island   ,       1767 San Marco Rd. Marco Island  FL 34145   
        Northeast Indianapolis   ,       3005 Shadeland Ave. Indianapolis  IN 46226   
        East Naples   ,       14501 Tamiami Trail East Naples  FL 34114   
        Everman Fort Worth   ,       101 N Forest Hill Dr. Fort Worth  TX 76140   
        Baytown   ,       3520 N Main St. Baytown  TX 77521   
        Indianapolis   ,       3802 Madison Ave Indianapolis  IN 46227   
        Parker   ,       15305 Compark Blvd. Parker  CO 80134   
        Columbia   ,       6000 Foreland Garth Columbia  MD 21045   
        Sapulpa   ,       701 N Mission St. Sapulpa  OK 74066   
        Ormond Beach   ,       1622 US 1 Ormond Beach  FL 32174   
        Crestview   ,       3051 S Ferdon Blvd. Crestview  FL 32536   
        Kissimmee   ,       1078 Hoagland Blvd. Kissimmee  FL 34741   
        Ocoee   ,       331 W Silverstar Rd. Ocoee  FL 34761   
        Waltham   ,       821 Main St. Waltham  MA 02451   
        Long Beach   ,       2698 E South St. Long Beach  CA 90805   
        North Glendale   ,       6705 W. Bell Rd. Glendale  AZ 85308   
        Cleburne   ,       511 W Henderson St. Cleburne  TX 76033   
        Porter   ,       22570 Ford Rd. Porter  TX 77365   
        Greater Third Ward Houston   ,       3014 Scott St. Houston  TX 77004   
        Conroe   ,       1207 Frazier Street Conroe  TX 77301   
        West Brandon   ,       1640 W Brandon Blvd. Brandon  FL 33511   
        South Westshore Tampa   ,       3446 S West Shore Blvd. Tampa  FL 33629   
        Riss Lake Kansas City   ,       4009 Blue Ridge Cutoff Kansas City  MO 64133   
        Denver   ,       1202 E 58th Ave. Denver  CO 80216   
        Danvers   ,       100 High St. Danvers  MA 01923   
        Reading   ,       85 Main St. Reading  MA 01867   
        Camp Springs   ,       6308 Allentown Rd. Camp Springs  MD 20748   
        Cinco Ranch Katy   ,       23255 Kingsland Blvd. Katy  TX 77494   
        Braeburn Houston   ,       9602 Southwest FWY Houston  TX 77074   
        Fort Pierce   ,       7301 Indrio Rd  Fort Pierce  FL 34951   
        Pembroke Park   ,       3990 W Hallandale Beach Blvd. Pembroke Park  FL 33023   
        Cedar Hills Jacksonville   ,       4354 Blanding Blvd. Jacksonville  FL 32210   
        West Bottoms Kansas City   ,       1601 w 12th st. Kansas City  MO 64102   
        Pinellas Park   ,       6791 66th St N. Pinellas Park  FL 33781   
        Pikesville   ,       1509 Reisterstown Rd. Pikesville  MD 21208   
        Kodak   ,       3370 Winfield Dunn Pkwy Kodak  TN 37764   
        Orange Park   ,       158 Blanding Blvd. Orange Park  FL 32073   
        Allison Park   ,       1700 Ferguson Rd. Allison Park  PA 15101   
        Willowbrook Los Angeles   ,       600 E Rosecrans Ave. Los Angeles  CA 90059   
        Canal Winchester   ,       3480 Gender Rd. Canal Winchester  OH 43110   
        Fort Worth   ,       10101 Jacksboro Hwy. Fort Worth  TX 76135   
        Silver Spring   ,       12401 Georgia Ave Silver Spring  MD 20906   
        Woburn   ,       75 Main St. Woburn  MA 01801   
        Bryan   ,       208 N Texas Ave. Bryan  TX 77803   
        Sugar Land   ,       1740 Dulles Ave. Sugar Land  TX 77478   
        West Roxbury   ,       510 VFW Pkwy West Roxbury  MA 02132   
        Frederick   ,       1991 Monocacy Blvd. Frederick  MD 21701   
        Deer Valley Phoenix   ,       18403 N 19th Ave Phoenix  AZ 85023   
        Truxton Circle Washington DC   ,       10525 Watterson Trail Jeffersontown  KY 40299   
        Lenoir City   ,       1104 US-321 Lenoir City  TN 37771   
        Houston   ,       4740 Katy Freeway Houston  TX 77007   
        Modesto   ,       1606 Sisk Rd. Modesto  CA 95350   
        Mt Pleasant Cleveland   ,       13900 Kinsman Rd. Cleveland  OH 44120   
        Eastmoor Columbus   ,       3140 E Main St. Columbus  OH 43213   
        Lake Arlington   ,       5704 SW Green Oaks Blvd Arlington  TX 76017   
        Clear Lake Houston   ,       1419 E NASA Pkwy Houston  TX 77058   
        Katy   ,       24002 Franz Rd. Katy  TX 77493   
        Roosevelt Toledo   ,       2829 Monroe St. Toledo  OH 43606   
        North San Antonio   ,       23650 U.S. Highway 281 N San Antonio  TX 78258   
        North Linden Columbus   ,       700 E N Broadway Columbus  OH 43224   
        North Topeka West   ,       2044 NW Tyler St. Topeka  KS 66608   
        Trenton New Jersey   ,       1686 Pennington Rd Trenton  NJ 08618   
        Centreville   ,       13401 Lee Hwy Centreville  VA 20121   
        Falls Church   ,       6661 Arlington Blvd Falls Church  VA 22042   
        Lutherville-Timonium   ,       2127 York Rd. Lutherville-Timonium  MD 21093   
        Weymouth   ,       69 Broad St. Weymouth  MA 02188   
        Brentwood Austin   ,       7007 Village Center Dr. Austin  TX 78731   
        Maryville   ,       815 Montvale Rd. Maryville  TN 37803   
        Northwest Fort Worth   ,       4504 Boat Club Rd # 100 Fort Worth  TX 76135   
        Holbrook   ,       204 S Franklin Street Holbrook  MA 02343   
        Nottingham   ,       8002 Belair Rd. Nottingham  MD 21236   
        Bustleton Philadelphia   ,       10960 Bustleton Ave. Philadelphia  PA 19116   
        Northwest Dallas   ,       3021 Lombardy Ln. Dallas  TX 75220   
        Dayton   ,       3705 Wayne Ave. Dayton  OH 45420   
        Holland   ,       24 S McCord Rd. Holland  OH 43528   
        Ocala   ,       3710 SW College Rd. Ocala  FL 34474   
        College Park   ,       5550 Greenbelt Rd. College Park  MD 20740   
        Parkwood Louisville   ,       7205 Manslick Rd. Louisville  KY 40214   
        West View Pittsburgh   ,       411 Perry Hwy Pittsburgh  PA 15229   
        Bloomfield Pittsburgh   ,       4006 Liberty Ave. Pittsburgh  PA 15224   
        Bristol   ,       455 Bristol Pike Road Bristol  PA 19001   
        Brandon   ,       615 W Bloomingdale Blvd. Brandon  FL 33511   
        West Jacksonville   ,       1005 Edgewood Ave S. Jacksonville  FL 32205   
        Ellenton   ,       2413 US Hwy 301 Ellenton  FL 34222   
        Coral Springs   ,       4600 Coral Ridge Dr. Coral Springs  FL 33076   
        North Jacksonville   ,       10870 Harts Rd. Jacksonville  FL 32218   
        East Tampa   ,       916 US 301 Tampa  FL 33619   
        Bensalem   ,       1360 Street Rd. Bensalem  PA 19020   
        Independence   ,       11100 E Hwy 40 Independence  MO 64055   
        Overland Park   ,       7427 Metcalf Ave. Overland Park  KS 66204   
        Dearborn Detroit   ,       8930 McGraw Street Detroit  MI 48210   
        Kansas City State Line   ,       13015 State Line Rd Kansas City  MO 64145   
        Overland Park South   ,       7900 W 151st St. Overland Park  KS 66223   
        Vallejo   ,       2500 Sonoma Blvd Vallejo  CA 94590   
        Colma   ,       1216 Hillside Blvd Colma  CA 94014   
        El Cerrito   ,       10560 San Pablo Ave El Cerrito  CA 94530   
        Fresno   ,       2143 E Belmont Ave. Fresno  CA 93701   
        Lexington   ,       801 E Main St. Lexington  KY 40502   
        Bernal Heights San Francisco   ,       2901 Bryant St San Francisco  CA 94110   
        Fairfax   ,       13000 Fairlakes Shopping Center Fairfax  VA 22033   
        Alexandria   ,       2320 Richmond Hwy Alexandria  VA 22301   
        Monfort Heights South   ,       5233 N Bend Rd Cincinnati  OH 45247   
        Western Hills Cincinnati   ,       5131 Glenway Ave Cincinnati  OH 45238   
        Jeffersontown   ,       10525 Watterson Trail Jeffersontown  KY 40299   
        Clifton Louisville   ,       1904 Frankfort Ave Louisville  KY 40206   
        East Cleveland   ,       660 INMAN ST. Cleveland  TN 37312   
        Woodstock Memphis   ,       5341 US-51 Memphis  TN 38127   
        Gardenview Memphis   ,       2006 E Shelby Dr. Memphis  TN 38116   
        Original Military Park   ,       3201 N Classen Blvd Oklahoma City  OK 73118   
        Livermore   ,       160 Holmes St Livermore  CA 94550   
        Silverton Cincinnati   ,       6407 Stewart Ave Cincinnati  OH 45227   
        Callaway   ,       539 S Tyndall Pkwy Callaway  FL 32404   
        Hesperia   ,       16081 Bear Valley Rd. Hesperia  CA 92345   
        Louisville   ,       1401 Lexington Rd Louisville  KY 40206   
        Bond Hill Cincinnati   ,       4934 Paddock Road Cincinnati  OH 45237   
        Oakville Memphis   ,       3465 Lamar Ave Memphis  TN 38118   
        Westwood Memphis   ,       4040 S 3rd St. Memphis  TN 38109   
        Oklahoma City   ,       3912 N Penn Ave Oklahoma City  OK 73112   
        Del City Oklahoma City   ,       4829 E Reno Ave Oklahoma City  OK 73117   
        Norman   ,       622 N Porter Ave Norman  OK 73071   
        San Bernardino   ,       2734 Del Rosa Ave N San Bernardino  CA 92404   
        Cathedral City   ,       67890 HWY 111 Cathedral City  CA 92234   
        Indio   ,       81831 HWY 111 Indio  CA 92201   
        Menifee North   ,       26050 Menifee Rd Menifee  CA 92585   
        Ridgeview San Diego   ,       5055 Federal Blvd San Diego  CA 92102   
        Green Acres Hemet   ,       33440 CA-74 Hemet  CA 92545   
        Claremont   ,       747 S Indian Hill Blvd. Claremont  CA 91711   
        North Atlanta   ,       610 Spring Street NW Atlanta  GA 30308   
        Menifee   ,       27250 Hwy 74 Menifee  CA 92585   
        Pomona   ,       1673 Indian Hill Blvd Pomona  CA 91767   
        Southeast Riverside   ,       501 E. Alessandro Blvd. Riverside  CA 92508   
        Leucadia   ,       1580 Leucadia Blvd. Leucadia  CA 92024   
        Redford   ,       12805 Telegraph Road Redford  MI 48239   
        Otay Ranch   ,       939 Otay Lakes Rd. Chula Vista  CA 91913   
        Sherman Heights   ,       2289 Imperial Ave San Diego  CA 92102   
        Skyline San Diego   ,       101 S Meadowbrook Dr. San Diego  CA 92114   
        North Cleveland   ,       4600 N Lee Hwy Cleveland  TN 37312   
        Hemet   ,       500 W. Stetson Ave Hemet  CA 92543   
        4S Ranch   ,       16629 Dove Canyon Rd. San Diego  CA 92127   
        Detroit   ,       4201 Livernois Detroit  MI 48210   
        Lincoln Long Beach   ,       1012 Alamitos Ave Long Beach  CA 90813   
        Northwest Kansas City   ,       2859 State Ave. Kansas City  KS 66102   
        Vero Beach   ,       8195 20th St. Vero Beach  FL 32966   
        Lake Bryan   ,       13480 SR 535 Orlando  FL 32821   
        East Central Park   ,       308 S Primrose Dr Orlando  FL 32803   
        Miramar   ,       7520 PEMBROKE RD. MIRAMAR  FL 33023   
        Odessa   ,       16138 SR 54 Odessa  FL 33556   
        Pine Hills   ,       8926 NW 22nd ave. Miami  FL 33147   
        West Little River   ,       8926 NW 22nd ave. Miami  FL 33147   
        Cocoa Beach   ,       600 Clearlake Rd. Cocoa Beach FL  32922   
        Winter Park   ,       2626 Lee Rd Winter Park FL  32789   
        Chula Vista   ,       950 Eastlake Parkway Chula Vista CA  91914   
        National City   ,       3230 National City Blvd. National City CA  91950   
        North Athens   ,       1790 Commerce Rd. Athens GA  30607   
        Parkville   ,       9932 NW 45 Hwy Parkville MO  64152   
        Whittle Springs   ,       2901 Whittle Springs Rd	Knoxville TN  37917   
        Decatur   ,       3690 Flat Shoals Rd Decatur  GA 30034   
        Carlsbad   ,       2509 Palomar Airport Rd. Carlsbad CA  92011   
        Tucson   ,       880 W St. Mary's Rd. Tucson AZ  85705   
        East Nashville   ,       1631 Elm Hill Pike Nashville TN  37210   
        South Tempe   ,       808 E. Baseline Rd.	Tempe AZ  85283   
        West Emory   ,       9233 Westland drive Knoxville TN  37922   
        Woodstock   ,       875 Towne Lake Pkwy  Suite B Woodstock GA  30189   
        Flagami   ,       3709 NW 7th Street Miami FL	  33126   
        West Knoxville   ,       7551 Oak Ridge Hwy. Knoxville TN  37931   
        Gresham Park   ,       2588 Gresham Rd. S E Atlanta  GA 30316   
        Melbourne   ,       3435 Minton Rd  Melbourne FL 32904   
        North Tampa   ,       110 E Bearss Ave  Tampa  FL 33613   
        Dunwoody   ,       4308 N Peachtree Rd  Atlanta  GA 30341   
        South Tampa   ,       3602 W Gandy Blvd  Tampa  FL 33611   
        West Tampa   ,       6901 W Hillsborough Ave  Tampa  FL 33634   
        Palm Harbor   ,       2525 E Lake Rd S  Palm Harbor  FL 34685   
        USF Tampa   ,       5035 E Fowler Ave  Tampa  FL 33617   
        Bonita   ,       4206 Bonita Rd  Bonita  CA 91902   
        Mesa   ,       1155 S. Higley Rd  Mesa  AZ 85206   
        Downtown Nashville   ,       1041 Jefferson St  Nashville TN 37208   
        Dallas   ,       101 Orphan Brigade Drive  Dallas GA 30132   
        South Augusta   ,       1500 Gordon Hwy Augusta  GA 30906   
        Carmel Valley   ,       3861 Valley Centre Dr San Diego  CA 92130   
        Athens   ,       156 College Ave  Suite A  Athens  GA 30605   
        Bogart   ,       120 Commerce Blvd  Athens  GA 30606   
        Cartersville   ,       117 N Tennessee St  Cartersville  GA 30120   
        Riverview   ,       7857 US-301  Riverview  FL 33578   
        Cleveland   ,       3288 Spring Place Rd SE  Cleveland  TN 37323   
        Chattanooga   ,       305 Frazier Ave  Chattanooga  TN 37405   
        Trenton   ,       12056 S Main St  Trenton  GA 30752   
        Marietta   ,       1011 S. Marietta Pkwy SE #3  Marietta  GA 30060   
        Royal Poinciana   ,       1840 N Federal Hwy  Hollywood  FL 33020   
        Shawnee   ,       5501 Hedge Lane Terrace  Shawnee  KS   
        Topeka   ,       1900 NW Topeka Blvd  Topeka  KS 66608   
        Kansas City   ,       6245 Prospect Ave  Kansas City  MO 64130   
        East Side KC   ,       3027 Van Brunt Blvd  Kansas City  MO 64128   
        Hillcrest   ,       1041 University Avenue San Diego  CA	92103   
        Southwest Ranches   ,       24790 SW 177th Ave Homestead  FL 33031   
        Wildwood   ,       368 E FL-44  Wildwood  FL 34785   
        Gilbert   ,       1570 S. Gilbert Rd. Gilbert  AZ 85296   
        Glendale   ,       6707 W Glendale Ave  Glendale  AZ 85303   
        East Phoenix   ,       4352 E McDowell Rd  Phoenix  AZ 85008   
        Northwest Orlando   ,       3000 W Colonial Dr  Orlando  FL 32808  USA   
        East Los Angeles   ,       250 S Atlantic Blvd  Los Angeles  CA 90022   
        Keeling Tucson   ,       2795 N. 1st Ave Tucson  AZ 85719   
        El Cajon   ,       1761 Greenfield Drive El Cajon  CA 92021   
        South Orlando   ,       2410 W Oak Ridge Rd  Orlando  FL 32809   
        Costa Mesa   ,       1175 Baker St #20  Costa Mesa  CA 92626   
        Moreno Valley   ,       14051 Indian St. suite O  Moreno Valley  CA 92553   
        Glendora   ,       540 W Rte 66  Glendora  CA 91740   
        Anaheim   ,       601 W Ball Rd.  Anaheim  CA 92805   
        Norco   ,       2600 Hamner Ave  Norco  CA 92860   
        West Palm Beach   ,       1921 Okeechobee Blvd  West Palm Beach  FL 33409   
        Orlando   ,       4699 Rio Grande Ave  Orlando  FL 32839   
        Lake Worth   ,       1980 Hypoluxo Rd.  Lake Worth  FL 33462   
        Richmond Heights   ,       11201 SW 152nd St  Miami  FL 33157   
        Miami Gardens   ,       3695 NW 183rd St  Miami Gardens  FL 33056   
        Aventura   ,       18615 W Dixie Hwy  Miami  FL 33180   
        Ft. Lauderdale   ,       606 N Federal Hwy  Fort Lauderdale  FL 33304   
        Cutler Bay   ,       8695 SW 40th St Miami  FL 33155   
        Davie   ,       6601 Nova Dr  Davie  FL 33317   
        Hallandale   ,       800 W Hallandale Beach Blvd  Hallandale Beach  FL 33009   
        San Francisco   ,       600 Monterey Blvd  San Francisco  CA 94127   
        Phoenix   ,       4727 E Southern Ave C  Phoenix  AZ 85042   
        Long Beach   ,       4112 Orange Ave. Long Beach  CA 90807   
        Emeryville   ,       4051 San Pablo Ave  Emeryville  CA 94608   
        Huntington Beach   ,       15080 Edwards St  Huntington Beach  CA 92647   
